-- --------------------------------------------------------
-- Hôte:                         127.0.0.1
-- Version du serveur:           10.4.27-MariaDB - mariadb.org binary distribution
-- SE du serveur:                Win64
-- HeidiSQL Version:             12.3.0.6589
-- --------------------------------------------------------

/*!40101 SET @OLD_CHARACTER_SET_CLIENT=@@CHARACTER_SET_CLIENT */;
/*!40101 SET NAMES utf8 */;
/*!50503 SET NAMES utf8mb4 */;
/*!40103 SET @OLD_TIME_ZONE=@@TIME_ZONE */;
/*!40103 SET TIME_ZONE='+00:00' */;
/*!40014 SET @OLD_FOREIGN_KEY_CHECKS=@@FOREIGN_KEY_CHECKS, FOREIGN_KEY_CHECKS=0 */;
/*!40101 SET @OLD_SQL_MODE=@@SQL_MODE, SQL_MODE='NO_AUTO_VALUE_ON_ZERO' */;
/*!40111 SET @OLD_SQL_NOTES=@@SQL_NOTES, SQL_NOTES=0 */;

-- Listage de la structure de table devis_software. actions_logs
CREATE TABLE IF NOT EXISTS `actions_logs` (
  `id` bigint(20) unsigned NOT NULL AUTO_INCREMENT,
  `id_user` bigint(20) unsigned NOT NULL,
  `libelle_log` varchar(255) NOT NULL,
  `table_name` varchar(255) NOT NULL,
  `description` longtext DEFAULT NULL,
  `json_log_data` longtext CHARACTER SET utf8mb4 COLLATE utf8mb4_bin DEFAULT NULL CHECK (json_valid(`json_log_data`)),
  `created_at` timestamp NULL DEFAULT NULL,
  `updated_at` timestamp NULL DEFAULT NULL,
  PRIMARY KEY (`id`),
  KEY `actions_logs_id_user_foreign` (`id_user`),
  CONSTRAINT `actions_logs_id_user_foreign` FOREIGN KEY (`id_user`) REFERENCES `users` (`id`)
) ENGINE=InnoDB AUTO_INCREMENT=73 DEFAULT CHARSET=utf8mb4 COLLATE=utf8mb4_unicode_ci;

-- Listage des données de la table devis_software.actions_logs : ~72 rows (environ)
INSERT INTO `actions_logs` (`id`, `id_user`, `libelle_log`, `table_name`, `description`, `json_log_data`, `created_at`, `updated_at`) VALUES
	(1, 2, 'Modification d\'image d\'utlisateur', 'users', NULL, '{"id_user":"eyJpdiI6IkZkdkVId1kwWVc1ODd4TGFaVFNyMVE9PSIsInZhbHVlIjoiaGdkUzhiLzlVeXpuN2U0NHZsbVJrUT09IiwibWFjIjoiM2VhMWU0NjFlYTA0MzBkYzU1YmU2OTFiNGJkMThmMDZjZWIxMzhlYTRiY2I0MjNjYzk2ODNlN2JiYjA2YmU1ZSIsInRhZyI6IiJ9","extention_copie_image":"png","image_old":"null","copie_image":{}}', '2025-01-12 16:34:35', '2025-01-12 16:34:35'),
	(2, 2, 'Suppression d\'image d\'un utlisateur', 'users', NULL, '{"image_user_path":"2025_01_12_17_34_35_VEqM_image2.png","id_user":"eyJpdiI6IkZkdkVId1kwWVc1ODd4TGFaVFNyMVE9PSIsInZhbHVlIjoiaGdkUzhiLzlVeXpuN2U0NHZsbVJrUT09IiwibWFjIjoiM2VhMWU0NjFlYTA0MzBkYzU1YmU2OTFiNGJkMThmMDZjZWIxMzhlYTRiY2I0MjNjYzk2ODNlN2JiYjA2YmU1ZSIsInRhZyI6IiJ9"}', '2025-01-12 16:34:49', '2025-01-12 16:34:49'),
	(3, 2, 'Ajout d\'un nouveau group de roles', 'config_can_access_keys', 'Ajout d\'un nouveau group de roles, identifiant : 12', '{"key_label":"group_roles_for_devises","description":null,"roles":[{"id":1,"libelle_role":"Administrateur","value":1,"label":"Administrateur"}]}', '2025-01-12 18:50:45', '2025-01-12 18:50:45'),
	(4, 2, 'Login sur le système', 'users', NULL, NULL, '2025-01-13 08:34:38', '2025-01-13 08:34:38'),
	(5, 2, 'Création d\'une nouvelle devise', 'devises', 'Création d\'une nouvelle devise', '{"liste_devise":[{"label":"test","abrv":"tst","description":"123456"}]}', '2025-01-13 13:10:43', '2025-01-13 13:10:43'),
	(6, 2, 'Suppression d\'une devise', 'devises', 'Suppression du devise, ID : 142', '{"old_value":{"id":142,"label":"test","abrv":"tst","description":"123456","created_at":"2025-01-13T13:10:43.000000Z","updated_at":null,"transactions":[]}}', '2025-01-13 14:16:20', '2025-01-13 14:16:20'),
	(7, 2, 'Création d\'une nouvelle devise', 'devises', 'Création d\'une nouvelle devise', '{"liste_devise":[{"label":"goal","abrv":"gl","description":"13ssds"}]}', '2025-01-13 14:17:24', '2025-01-13 14:17:24'),
	(8, 2, 'Création d\'une nouvelle devise', 'devises', 'Création d\'une nouvelle devise', '{"liste_devise":[{"label":"test","abrv":"tst","description":null}]}', '2025-01-13 14:28:00', '2025-01-13 14:28:00'),
	(9, 2, 'Modification d\'une devise', 'devises', 'Modification du devise, ID : 1', '{"new_value":{"id":1,"label":"Afghan Afghani","abrv":"AFN","description":"test","created_at":"2025-01-12T16:47:13.000000Z","updated_at":null,"_id":"eyJpdiI6IlZJYk50Sjc2SFRZOThpTnRidXBpdkE9PSIsInZhbHVlIjoiOWJGRlBXOUJNNm1ub3JXS3kya3NKdz09IiwibWFjIjoiOTdlNzc2ZDRlYmIzYzJkNDllMmYxMDVhYTcwNjYwOGE0ZjY2ZDE1NzhiZWM3OTkzODFkMjQ1NjI3MjY2M2FmMCIsInRhZyI6IiJ9","created_at_formated":"01-12-2025 17:47:13","updated_at_formated":null},"old_value":{"id":1,"label":"Afghan Afghani","abrv":"AFN","description":null,"created_at":"2025-01-12T16:47:13.000000Z","updated_at":null}}', '2025-01-13 14:57:04', '2025-01-13 14:57:04'),
	(10, 2, 'Modification d\'une devise', 'devises', 'Modification du devise, ID : 1', '{"new_value":{"id":1,"label":"Afghan Afghani","abrv":"9ss","description":"test","created_at":"2025-01-12T16:47:13.000000Z","updated_at":"2025-01-13T14:57:03.000000Z","_id":"eyJpdiI6ImROemQwQ2E4VXE1c2dZS3h1akJ6VVE9PSIsInZhbHVlIjoibnh1MmQzRE1rNmFyWjdFVDAyOEJNZz09IiwibWFjIjoiZTU2M2VmOGMxY2M4OTIxZTUzOGZmN2Q1NGFmOTFmNDE5MGNiZWQzNmIzZDhmZDQ4OTgzZTQyNzU0YjcwMDY5ZiIsInRhZyI6IiJ9","created_at_formated":"01-12-2025 17:47:13","updated_at_formated":"01-13-2025 15:57:03"},"old_value":{"id":1,"label":"Afghan Afghani","abrv":"AFN","description":"test","created_at":"2025-01-12T16:47:13.000000Z","updated_at":"2025-01-13T14:57:03.000000Z"}}', '2025-01-13 14:57:21', '2025-01-13 14:57:21'),
	(11, 2, 'Modification d\'une devise', 'devises', 'Modification du devise, ID : 1', '{"new_value":{"id":1,"label":"Afghan Afghani","abrv":"AFN","description":"test","created_at":"2025-01-12T16:47:13.000000Z","updated_at":"2025-01-13T14:57:21.000000Z","_id":"eyJpdiI6Ikl6Mm5LSlA1dWkwVURlM3JTZDExa1E9PSIsInZhbHVlIjoiVURsNWpwbjFOVVhkZkdVYzFZQVU3QT09IiwibWFjIjoiYjM2YzBkY2QzNTc4YzVmMWZiMDNhOTUyODAzZWE5NmE2ZWI0MjJiMDhjZDNiNjE5MzJhNTRmY2U4NWI1NDlhNSIsInRhZyI6IiJ9","created_at_formated":"01-12-2025 17:47:13","updated_at_formated":"01-13-2025 15:57:21"},"old_value":{"id":1,"label":"Afghan Afghani","abrv":"9ss","description":"test","created_at":"2025-01-12T16:47:13.000000Z","updated_at":"2025-01-13T14:57:21.000000Z"}}', '2025-01-13 14:57:30', '2025-01-13 14:57:30'),
	(12, 2, 'Création d\'une nouvelle transaction', 'devises', 'Création d\'une nouvelle transaction', '{"liste_transactions":[{"id_devise":1,"prix":10,"taux":10,"is_entree":true,"name_client":"10","description":null},{"id_devise":2,"prix":1,"taux":3,"is_entree":null,"name_client":"1","description":null}]}', '2025-01-13 16:32:46', '2025-01-13 16:32:46'),
	(13, 2, 'Login sur le système', 'users', NULL, NULL, '2025-01-14 18:03:03', '2025-01-14 18:03:03'),
	(14, 2, 'Création d\'une nouvelle transaction', 'devises', 'Création d\'une nouvelle transaction', '{"liste_transactions":[{"id_devise":1,"prix":10,"taux":10,"is_entree":true,"name_client":"10","description":"test"}]}', '2025-01-14 18:03:43', '2025-01-14 18:03:43'),
	(15, 2, 'Création d\'une nouvelle transaction', 'devises', 'Création d\'une nouvelle transaction', '{"liste_transactions":[{"id_devise":1,"prix":10000,"taux":10,"is_entree":true,"name_client":"youssef","description":null},{"id_devise":2,"prix":1000,"taux":10,"is_entree":null,"name_client":"amhile","description":null}]}', '2025-01-14 18:18:46', '2025-01-14 18:18:46'),
	(16, 2, 'Modification d\'une transaction', 'devises', 'Modification du transaction, ID : 2', '{"new_value":{"id_user_createur":2,"id_devise":2,"prix":1000,"taux":10,"is_entree":true,"name_client":"amhile","description":null,"created_at":"2025-01-14T18:18:46.000000Z","updated_at":null,"reference":"TR_2","nom_complet":"Employ\\u00e9 Employ\\u00e9 2","label_devise":"Albanian Lek","abrv_devise":"ALL","_id":"eyJpdiI6InhpTEtCY25lSlZxcnAvSVlHUG91UGc9PSIsInZhbHVlIjoiV0lISXRUQ1hXM3pETkVMMzlmSHVQZz09IiwibWFjIjoiNTFjN2MwZjg3M2FhYWVjZmNiNDYzODMwZTU5ZTM1ODI2NDZmMGZiYzc0ZjUxNWE1NmQxMTAzY2I4ODRhNjA3YSIsInRhZyI6IiJ9","created_at_formated":"14-01-2025 19:18:46","updated_at_formated":null,"prix_formated":"1.000,00","taux_formated":"10,00"},"old_value":{"id":2,"id_user_createur":2,"id_devise":2,"prix":1000,"taux":10,"is_entree":0,"name_client":"amhile","description":null,"created_at":"2025-01-14T18:18:46.000000Z","updated_at":null}}', '2025-01-14 19:04:36', '2025-01-14 19:04:36'),
	(17, 2, 'Modification d\'une transaction', 'devises', 'Modification du transaction, ID : 2', '{"new_value":{"id_user_createur":2,"id_devise":133,"prix":10003,"taux":9.3,"is_entree":1,"name_client":"amhile youssef","description":null,"created_at":"2025-01-14T18:18:46.000000Z","updated_at":"2025-01-14T19:04:36.000000Z","reference":"TR_2","nom_complet":"Employ\\u00e9 Employ\\u00e9 2","label_devise":"Albanian Lek","abrv_devise":"ALL","_id":"eyJpdiI6InZudGI4RXU3ZXhLRU9rVUpuVXJVcEE9PSIsInZhbHVlIjoiZWFUNlIrVXJQbXFuS3N2VHpWZmoyZz09IiwibWFjIjoiNjExYTc4NjFkMmU2MWVkOWFjMTcwMjQxMWYyZjJlYTQ3ZDRhMmMwNTI2NzljM2E1YjE2NWExNzg1MTEzOGYwMSIsInRhZyI6IiJ9","created_at_formated":"14-01-2025 19:18:46","updated_at_formated":"14-01-2025 20:04:36","prix_formated":"1.000,00","taux_formated":"10,00"},"old_value":{"id":2,"id_user_createur":2,"id_devise":2,"prix":1000,"taux":10,"is_entree":1,"name_client":"amhile","description":null,"created_at":"2025-01-14T18:18:46.000000Z","updated_at":"2025-01-14T19:04:36.000000Z"}}', '2025-01-14 19:05:27', '2025-01-14 19:05:27'),
	(18, 2, 'Modification d\'une transaction', 'devises', 'Modification du transaction, ID : 2', '{"new_value":{"id_user_createur":2,"id_devise":133,"prix":10003,"taux":9.3,"is_entree":false,"name_client":"amhile youssef","description":null,"created_at":"2025-01-14T18:18:46.000000Z","updated_at":"2025-01-14T19:05:27.000000Z","reference":"TR_2","nom_complet":"Employ\\u00e9 Employ\\u00e9 2","label_devise":"United States Dollar","abrv_devise":"USD","_id":"eyJpdiI6InQ3K0JaUE5uSjVQQ1lwSDFobWRmb0E9PSIsInZhbHVlIjoiRjl5T2JqRFROWmUzcXl1NEZ5UE9RUT09IiwibWFjIjoiMTg2NmRmODViZWFhYzZkOGU5ZDE2NDE4NTYzODFjY2M2ZGU4NWU1OTVlOWUzMjA4MDA3ZDc4ZDUwMDU2YTg2YiIsInRhZyI6IiJ9","created_at_formated":"14-01-2025 19:18:46","updated_at_formated":"14-01-2025 20:05:27","prix_formated":"10.003,00","taux_formated":"9,30"},"old_value":{"id":2,"id_user_createur":2,"id_devise":133,"prix":10003,"taux":9.3,"is_entree":1,"name_client":"amhile youssef","description":null,"created_at":"2025-01-14T18:18:46.000000Z","updated_at":"2025-01-14T19:05:27.000000Z"}}', '2025-01-14 19:08:31', '2025-01-14 19:08:31'),
	(19, 2, 'Modification d\'une transaction', 'devises', 'Modification du transaction, ID : 2', '{"new_value":{"id_user_createur":2,"id_devise":133,"prix":10003,"taux":9.3,"is_entree":true,"name_client":"amhile youssef","description":null,"created_at":"2025-01-14T18:18:46.000000Z","updated_at":"2025-01-14T19:08:31.000000Z","reference":"TR_2","nom_complet":"Employ\\u00e9 Employ\\u00e9 2","label_devise":"United States Dollar","abrv_devise":"USD","_id":"eyJpdiI6IklvRmt2YkxrbnMzVnBpK3NabGZ2U0E9PSIsInZhbHVlIjoiQmpNYUkxR3VUQnR4K3RuSUk5dkozUT09IiwibWFjIjoiMzU5ZTBmNWI0ZTY1YTlkY2E3MDgzYWRjZmIxMmMwZDg0N2NhZTY5MDY4M2E1YTBiM2UyZGExMWYzYTZiNGI4MiIsInRhZyI6IiJ9","created_at_formated":"14-01-2025 19:18:46","updated_at_formated":"14-01-2025 20:08:31","prix_formated":"10.003,00","taux_formated":"9,30"},"old_value":{"id":2,"id_user_createur":2,"id_devise":133,"prix":10003,"taux":9.3,"is_entree":0,"name_client":"amhile youssef","description":null,"created_at":"2025-01-14T18:18:46.000000Z","updated_at":"2025-01-14T19:08:31.000000Z"}}', '2025-01-14 19:08:42', '2025-01-14 19:08:42'),
	(20, 2, 'Modification d\'une transaction', 'devises', 'Modification du transaction, ID : 1', '{"new_value":{"id_user_createur":2,"id_devise":1,"prix":10000,"taux":10,"is_entree":false,"name_client":"youssef","description":null,"created_at":"2025-01-14T18:18:46.000000Z","updated_at":null,"reference":"TR_1","nom_complet":"Employ\\u00e9 Employ\\u00e9 2","label_devise":"Afghan Afghani","abrv_devise":"AFN","_id":"eyJpdiI6ImJBTVkrOUdmZGF2S3dDNlB0ald4N0E9PSIsInZhbHVlIjoia1dwR0k4L0VUUlNLMm90OXU0TnhMQT09IiwibWFjIjoiNTFmOTRiMjdiNDAxOTg1YzI4M2UxZWUyMzlmM2E4ZTE1OWUzNDUxY2FhZTEyODFiNzRiYTViMGEyZDFjMDc2YiIsInRhZyI6IiJ9","created_at_formated":"14-01-2025 19:18:46","updated_at_formated":null,"prix_formated":"10.000,00","taux_formated":"10,00"},"old_value":{"id":1,"id_user_createur":2,"id_devise":1,"prix":10000,"taux":10,"is_entree":1,"name_client":"youssef","description":null,"created_at":"2025-01-14T18:18:46.000000Z","updated_at":null}}', '2025-01-14 19:08:48', '2025-01-14 19:08:48'),
	(21, 2, 'Modification d\'une transaction', 'devises', 'Modification du transaction, ID : 2', '{"new_value":{"id_user_createur":2,"id_devise":133,"prix":10003,"taux":9.3,"is_entree":true,"name_client":"amhile youssef","description":"test l<jsrgnojnfs<jgbvnqsdrfjgbv","created_at":"2025-01-14T18:18:46.000000Z","updated_at":"2025-01-14T19:08:42.000000Z","reference":"TR_2","nom_complet":"Employ\\u00e9 Employ\\u00e9 2","label_devise":"United States Dollar","abrv_devise":"USD","_id":"eyJpdiI6IjNKREtCNlRadFFBNUhDTm9jNXNQeXc9PSIsInZhbHVlIjoiRjAyVWlyOVU5Y2p2Rk9kbFZtSDg1Zz09IiwibWFjIjoiYzlhMmZiZDFhNDFiNDgzNTUxMjAzNjVlNThmMzVkZjBmZGFmYTIyNzE1YWE1YmViZTRmZjI2MWVhZGQ3YzZlOCIsInRhZyI6IiJ9","created_at_formated":"14-01-2025 19:18:46","updated_at_formated":"14-01-2025 20:08:42","prix_formated":"10.003,00","taux_formated":"9,30"},"old_value":{"id":2,"id_user_createur":2,"id_devise":133,"prix":10003,"taux":9.3,"is_entree":1,"name_client":"amhile youssef","description":null,"created_at":"2025-01-14T18:18:46.000000Z","updated_at":"2025-01-14T19:08:42.000000Z"}}', '2025-01-14 19:14:02', '2025-01-14 19:14:02'),
	(22, 2, 'Création d\'une nouvelle transaction', 'devises', 'Création d\'une nouvelle transaction', '{"liste_transactions":[{"id_devise":133,"prix":10000,"taux":10,"is_entree":true,"name_client":"MAHMOUD","description":null}]}', '2025-01-14 20:17:44', '2025-01-14 20:17:44'),
	(23, 2, 'Création d\'une nouvelle transaction', 'devises', 'Création d\'une nouvelle transaction', '{"liste_transactions":[{"id_devise":2,"prix":20000,"taux":10,"is_entree":false,"name_client":null,"description":null}]}', '2025-01-14 20:26:42', '2025-01-14 20:26:42'),
	(24, 2, 'Création d\'une nouvelle transaction', 'devises', 'Création d\'une nouvelle transaction', '{"liste_transactions":[{"id_devise":133,"prix":30000,"taux":100,"is_entree":true,"name_client":null,"description":null}]}', '2025-01-14 20:29:05', '2025-01-14 20:29:05'),
	(25, 2, 'Création d\'une nouvelle transaction', 'devises', 'Création d\'une nouvelle transaction', '{"liste_transactions":[{"id_devise":133,"prix":2899111.34,"taux":1,"is_entree":null,"name_client":"abdu","description":null}]}', '2025-01-14 20:31:14', '2025-01-14 20:31:14'),
	(26, 2, 'Modification d\'image d\'utlisateur', 'users', NULL, '{"id_user":"eyJpdiI6InVyMEtIcG1aa0k3TGVJUHo3OENqS0E9PSIsInZhbHVlIjoiRzJwNmtNelUxYkN3MGIvNkUrTW44QT09IiwibWFjIjoiOWViOWRiZjBiMDZhYzU2NjNkOTZiZTI5ZmZmYWQ1MDkwYzc5NTFiMjgxZTk2NTZiMmNkZDExN2Y0NzllYWI0NCIsInRhZyI6IiJ9","extention_copie_image":"png","image_old":"null","copie_image":{}}', '2025-01-14 20:36:55', '2025-01-14 20:36:55'),
	(27, 2, 'Modification du mot de passe d\'un utlisateur', 'users', 'Modification du mot de passe de l\'utlisateur qui a comme identifiant interne : 2', NULL, '2025-01-14 20:37:16', '2025-01-14 20:37:16'),
	(28, 2, 'Suppression d\'une transaction', 'devises', 'Suppression du transaction, ID : 294', '{"old_value":{"id":294,"id_user_createur":2,"id_devise":133,"prix":2899111.34,"taux":1,"is_entree":0,"name_client":"abdu","description":null,"created_at":"2025-01-14T20:31:14.000000Z","updated_at":null}}', '2025-01-14 20:41:31', '2025-01-14 20:41:31'),
	(29, 2, 'Suppression d\'une transaction', 'devises', 'Suppression du transaction, ID : 292', '{"old_value":{"id":292,"id_user_createur":2,"id_devise":2,"prix":20000,"taux":10,"is_entree":0,"name_client":null,"description":null,"created_at":"2025-01-14T20:26:42.000000Z","updated_at":null}}', '2025-01-14 20:41:47', '2025-01-14 20:41:47'),
	(30, 2, 'Suppression d\'une transaction', 'devises', 'Suppression du transaction, ID : 293', '{"old_value":{"id":293,"id_user_createur":2,"id_devise":133,"prix":30000,"taux":100,"is_entree":1,"name_client":null,"description":null,"created_at":"2025-01-14T20:29:05.000000Z","updated_at":null}}', '2025-01-14 20:41:52', '2025-01-14 20:41:52'),
	(31, 2, 'Suppression d\'une transaction', 'devises', 'Suppression du transaction, ID : 291', '{"old_value":{"id":291,"id_user_createur":2,"id_devise":133,"prix":10000,"taux":10,"is_entree":1,"name_client":"MAHMOUD","description":null,"created_at":"2025-01-14T20:17:44.000000Z","updated_at":null}}', '2025-01-14 20:42:02', '2025-01-14 20:42:02'),
	(32, 2, 'Création d\'une nouvelle transaction', 'devises', 'Création d\'une nouvelle transaction', '{"liste_transactions":[{"id_devise":133,"prix":100,"taux":30,"is_entree":true,"name_client":"yassin","description":null}]}', '2025-01-14 20:56:38', '2025-01-14 20:56:38'),
	(33, 2, 'Création d\'une nouvelle devise', 'devises', 'Création d\'une nouvelle devise', '{"liste_devise":[{"label":"test3","abrv":"tst3","description":null}]}', '2025-01-14 21:03:45', '2025-01-14 21:03:45'),
	(34, 2, 'Suppression d\'une devise', 'devises', 'Suppression du devise, ID : 145', '{"old_value":{"id":145,"label":"test3","abrv":"tst3","description":null,"created_at":"2025-01-14T21:03:45.000000Z","updated_at":null,"transactions":[]}}', '2025-01-14 21:04:03', '2025-01-14 21:04:03'),
	(35, 2, 'Suppression d\'une devise', 'devises', 'Suppression du devise, ID : 144', '{"old_value":{"id":144,"label":"test","abrv":"tst","description":null,"created_at":"2025-01-13T14:28:00.000000Z","updated_at":null,"transactions":[]}}', '2025-01-14 21:04:10', '2025-01-14 21:04:10'),
	(36, 2, 'Login sur le système', 'users', NULL, NULL, '2025-01-15 07:46:07', '2025-01-15 07:46:07'),
	(37, 2, 'Modification d\'une transaction', 'devises', 'Modification du transaction, ID : 295', '{"new_value":{"id_user_createur":2,"id_devise":133,"prix":100,"taux":300,"is_entree":true,"name_client":"yassin","description":null,"created_at":"2025-01-14T20:56:38.000000Z","updated_at":null,"reference":"TR_295","nom_complet":"Employ\\u00e9 Employ\\u00e9 2","label_devise":"United States Dollar","abrv_devise":"USD","_id":"eyJpdiI6ImdZbGlhQy9NOTVlVVduZi9idmhPbUE9PSIsInZhbHVlIjoic0NVZXZ3em16NXl1dkJvcWxHTGRXdz09IiwibWFjIjoiMWZmNDFiNGJkNTY5MzI2MWIzNjc4N2NhNzYxMjRlNGM2ZGEyZGRmZjFmYjM5YTk1MDQyZTE0YzZiZDM1MDY3MCIsInRhZyI6IiJ9","created_at_formated":"14-01-2025 21:56:38","updated_at_formated":null,"prix_formated":"100,00","taux_formated":"30,00"},"old_value":{"id":295,"id_user_createur":2,"id_devise":133,"prix":100,"taux":30,"is_entree":1,"name_client":"yassin","description":null,"created_at":"2025-01-14T20:56:38.000000Z","updated_at":null}}', '2025-01-15 07:46:46', '2025-01-15 07:46:46'),
	(38, 2, 'Modification d\'une transaction', 'devises', 'Modification du transaction, ID : 295', '{"new_value":{"id_user_createur":2,"id_devise":133,"prix":100,"taux":300,"is_entree":false,"name_client":"yassin","description":null,"created_at":"2025-01-14T20:56:38.000000Z","updated_at":"2025-01-15T07:46:46.000000Z","reference":"TR_295","nom_complet":"Employ\\u00e9 Employ\\u00e9 2","label_devise":"United States Dollar","abrv_devise":"USD","_id":"eyJpdiI6IkFIeUNJLzE5MUFEc2Q1QlZueTI5bFE9PSIsInZhbHVlIjoiYUUzdnFSRnVXY1NCK294U3VtWHRaQT09IiwibWFjIjoiM2IwNTI2MmNhZTEzZjhhMmVlZmViNjM2OWQ1YzkzZjIxOTljNDgxZjI1NzA2N2M4ZjZhNTg0MTAwMzExYjdkNSIsInRhZyI6IiJ9","created_at_formated":"14-01-2025 21:56:38","updated_at_formated":"15-01-2025 08:46:46","prix_formated":"100,00","taux_formated":"300,00"},"old_value":{"id":295,"id_user_createur":2,"id_devise":133,"prix":100,"taux":300,"is_entree":1,"name_client":"yassin","description":null,"created_at":"2025-01-14T20:56:38.000000Z","updated_at":"2025-01-15T07:46:46.000000Z"}}', '2025-01-15 07:46:53', '2025-01-15 07:46:53'),
	(39, 2, 'Modification d\'une transaction', 'devises', 'Modification du transaction, ID : 2', '{"new_value":{"id_user_createur":2,"id_devise":133,"prix":10003,"taux":9.3,"is_entree":false,"name_client":"amhile youssef","description":"test l<jsrgnojnfs<jgbvnqsdrfjgbv","created_at":"2025-01-14T18:18:46.000000Z","updated_at":"2025-01-14T19:14:02.000000Z","reference":"TR_2","nom_complet":"Employ\\u00e9 Employ\\u00e9 2","label_devise":"United States Dollar","abrv_devise":"USD","_id":"eyJpdiI6IlZmMWlrRXJ5T2JIdVlxTjJNVEduT3c9PSIsInZhbHVlIjoiakt2ejVRTzg2dEFjMUZCcjhRM2JPQT09IiwibWFjIjoiZjUxZmQ1YzI1ZGJhYTRiZmExZTEzZGIwYzdiYWZkMTQ1NmRmZjM3MDBjNDM4YzA1ZjRmMGYwMWU2NWRhMWZkMiIsInRhZyI6IiJ9","created_at_formated":"14-01-2025 19:18:46","updated_at_formated":"14-01-2025 20:14:02","prix_formated":"10.003,00","taux_formated":"9,30"},"old_value":{"id":2,"id_user_createur":2,"id_devise":133,"prix":10003,"taux":9.3,"is_entree":1,"name_client":"amhile youssef","description":"test l<jsrgnojnfs<jgbvnqsdrfjgbv","created_at":"2025-01-14T18:18:46.000000Z","updated_at":"2025-01-14T19:14:02.000000Z"}}', '2025-01-15 08:05:20', '2025-01-15 08:05:20'),
	(40, 2, 'Création d\'une nouvelle transaction', 'devises', 'Création d\'une nouvelle transaction', '{"liste_transactions":[{"id_devise":42,"prix":10000,"taux":11,"is_entree":true,"name_client":"mohha","description":"test"}]}', '2025-01-15 08:10:17', '2025-01-15 08:10:17'),
	(41, 2, 'Modification d\'une transaction', 'devises', 'Modification du transaction, ID : 295', '{"new_value":{"id_user_createur":2,"id_devise":133,"prix":100,"taux":300,"is_entree":true,"name_client":"yassin","description":null,"created_at":"2025-01-14T20:56:38.000000Z","updated_at":"2025-01-15T07:46:53.000000Z","reference":"TR_295","nom_complet":"Employ\\u00e9 Employ\\u00e9 2","label_devise":"United States Dollar","abrv_devise":"USD","_id":"eyJpdiI6IkEyZzVDazRtWllMallERUZNRVdoVXc9PSIsInZhbHVlIjoiSkZZWUZCU256Rk5wZkVXb3V5ZEhYdz09IiwibWFjIjoiNzcyYTM4ODQ0NDhkYjY1YmJiNTg3Y2UwODI3OTllZDI0Mzc2YzdmMGU3ZmJhNThlMGE2ZDU3ZTUzNDFjOWE4ZiIsInRhZyI6IiJ9","created_at_formated":"14-01-2025 21:56:38","updated_at_formated":"15-01-2025 08:46:53","prix_formated":"100,00","taux_formated":"300,00"},"old_value":{"id":295,"id_user_createur":2,"id_devise":133,"prix":100,"taux":300,"is_entree":0,"name_client":"yassin","description":null,"created_at":"2025-01-14T20:56:38.000000Z","updated_at":"2025-01-15T07:46:53.000000Z"}}', '2025-01-15 08:21:30', '2025-01-15 08:21:30'),
	(42, 2, 'Modification d\'une transaction', 'devises', 'Modification du transaction, ID : 290', '{"new_value":{"id_user_createur":2,"id_devise":42,"prix":215.9,"taux":100,"is_entree":true,"name_client":"Client VV","description":"Description for Client VV","created_at":"2025-01-14T19:26:02.000000Z","updated_at":null,"reference":"TR_290","nom_complet":"Employ\\u00e9 Employ\\u00e9 2","label_devise":"Euro","abrv_devise":"EUR","_id":"eyJpdiI6IjF5Q1NVeHlJVWtZamc2ekU3cmtoNlE9PSIsInZhbHVlIjoia2h3d2ZRU0g5Z0R2bGU5S2prUmVpdz09IiwibWFjIjoiNzYzMTJjZmNlM2QyODI2ZmI3ZjE1ZDQ5NzQ1ZjhmYjMzN2M3ZmNlZTBiMjYwMzVjM2M2ZWUzY2UwZjZhYjNlNCIsInRhZyI6IiJ9","created_at_formated":"14-01-2025 20:26:02","updated_at_formated":null,"prix_formated":"215,90","taux_formated":"0,92"},"old_value":{"id":290,"id_user_createur":2,"id_devise":42,"prix":215.9,"taux":0.92,"is_entree":0,"name_client":"Client VV","description":"Description for Client VV","created_at":"2025-01-14T19:26:02.000000Z","updated_at":null}}', '2025-01-15 08:21:48', '2025-01-15 08:21:48'),
	(43, 2, 'Modification d\'une transaction', 'devises', 'Modification du transaction, ID : 288', '{"new_value":{"id_user_createur":2,"id_devise":42,"prix":200.75,"taux":100,"is_entree":true,"name_client":"Client TT","description":"Description for Client TT","created_at":"2025-01-14T19:26:02.000000Z","updated_at":null,"reference":"TR_288","nom_complet":"Employ\\u00e9 Employ\\u00e9 2","label_devise":"Euro","abrv_devise":"EUR","_id":"eyJpdiI6IkczM0I0MWtsVmdHdVBYMlQxMjl4Unc9PSIsInZhbHVlIjoiY2w5UitQZnNuRGNDWDVsamMwV0h3QT09IiwibWFjIjoiYTY0YmU1NjEwN2E4MWUwN2M2ZTBjZTg2ODQ1MWYwMjgzZGQ2M2Q0NWM0YzY2ZjQ3MGI5ZmNkYjAyZjIyNTQ1ZiIsInRhZyI6IiJ9","created_at_formated":"14-01-2025 20:26:02","updated_at_formated":null,"prix_formated":"200,75","taux_formated":"0,95"},"old_value":{"id":288,"id_user_createur":2,"id_devise":42,"prix":200.75,"taux":0.95,"is_entree":0,"name_client":"Client TT","description":"Description for Client TT","created_at":"2025-01-14T19:26:02.000000Z","updated_at":null}}', '2025-01-15 08:23:07', '2025-01-15 08:23:07'),
	(44, 2, 'Modification d\'une transaction', 'devises', 'Modification du transaction, ID : 287', '{"new_value":{"id_user_createur":2,"id_devise":42,"prix":215.9,"taux":1000,"is_entree":false,"name_client":"Client VV","description":"Description for Client VV","created_at":"2025-01-14T19:26:02.000000Z","updated_at":null,"reference":"TR_287","nom_complet":"Employ\\u00e9 Employ\\u00e9 2","label_devise":"Euro","abrv_devise":"EUR","_id":"eyJpdiI6ImkyWjN1NmhiTzg5N0U3eElBZ0NaR1E9PSIsInZhbHVlIjoiRVV4Ui9pb0h5MFdOWWVWWDdOaG9mZz09IiwibWFjIjoiZWI2MzUwY2VhOWM1NTdmYTFkN2M3MGJiN2ZmNjk0N2JiZTFiOWI0NmFiZmU4YjBjNmRkNTlhNjJjOTFhNzJkMSIsInRhZyI6IiJ9","created_at_formated":"14-01-2025 20:26:02","updated_at_formated":null,"prix_formated":"215,90","taux_formated":"0,92"},"old_value":{"id":287,"id_user_createur":2,"id_devise":42,"prix":215.9,"taux":0.92,"is_entree":0,"name_client":"Client VV","description":"Description for Client VV","created_at":"2025-01-14T19:26:02.000000Z","updated_at":null}}', '2025-01-15 08:23:20', '2025-01-15 08:23:20'),
	(45, 2, 'Modification d\'une transaction', 'devises', 'Modification du transaction, ID : 287', '{"new_value":{"id_user_createur":2,"id_devise":42,"prix":215.9,"taux":1000,"is_entree":true,"name_client":"Client VV","description":"Description for Client VV","created_at":"2025-01-14T19:26:02.000000Z","updated_at":"2025-01-15T08:23:20.000000Z","reference":"TR_287","nom_complet":"Employ\\u00e9 Employ\\u00e9 2","label_devise":"Euro","abrv_devise":"EUR","_id":"eyJpdiI6IjRtUlFaOVVRL1dRVy9sbVJRWWRJaEE9PSIsInZhbHVlIjoicWNmN0tPK1cwbzVmSmtyZjRGRUxhdz09IiwibWFjIjoiNWE5MDM1NGQ4MGMwMGZjZDQwZTcwNGZiZmYwMTM2OTU5MDQwOGFlZTdkOWU0M2UzZmFkOGEyMTZkMTljYTBiZCIsInRhZyI6IiJ9","created_at_formated":"14-01-2025 20:26:02","updated_at_formated":"15-01-2025 09:23:20","prix_formated":"215,90","taux_formated":"1.000,00"},"old_value":{"id":287,"id_user_createur":2,"id_devise":42,"prix":215.9,"taux":1000,"is_entree":0,"name_client":"Client VV","description":"Description for Client VV","created_at":"2025-01-14T19:26:02.000000Z","updated_at":"2025-01-15T08:23:20.000000Z"}}', '2025-01-15 08:23:28', '2025-01-15 08:23:28'),
	(46, 2, 'Création d\'un nouveau rôle', 'roles', 'Création du role qui a comme identifiant : 3', '{"_id":0,"libelle_role":"employ\\u00e9e","acronym_role":"employee","sidebar":[{"id":1,"icon":"fa fa-home","title":"Accueil","routerLink":"\\/accueil","created_at":"2024-11-05T13:45:27.000000Z","updated_at":"2024-11-05T14:26:24.000000Z"},{"id":7,"icon":"fa fa-envelope","title":"Mon compte","routerLink":"\\/compte","created_at":"2024-11-05T13:45:27.000000Z","updated_at":"2024-11-05T13:45:27.000000Z"}],"description":null}', '2025-01-15 08:27:56', '2025-01-15 08:27:56'),
	(47, 2, 'Modification d\'un group de roles', 'config_can_access', 'Modification d\'un group de roles, identifiant sur la base : 10', '{"request_all":{"_id":"eyJpdiI6Ikt2UFFtcCs1RFozWkVZVE4za1d2N1E9PSIsInZhbHVlIjoiODRPVW81amhoc0lTeFd2TkdzV3ZRQT09IiwibWFjIjoiYzBhOWY5NDMwMjIwNDNlNTA2Yjk0NTI0YjA4ZThjZTdiNjFkNzE2N2U3ODNhYzZkNWM5YWI4NWEyNTE1MDViZCIsInRhZyI6IiJ9","description":null,"roles":[1,3]},"old_value":[null]}', '2025-01-15 08:28:55', '2025-01-15 08:28:55'),
	(48, 2, 'Ajout d\'un utlisateur', 'users', NULL, '{"id_role":1,"has_access":1,"nom":"Doe","prenom":"Jon","email":"test@example.us","if_considered_in_reports":0,"if_has_sound":0,"is_admin":0}', '2025-01-15 08:31:26', '2025-01-15 08:31:26'),
	(49, 2, 'Modification des paramètres d\'un utlisateur', 'users', NULL, '{"_id":"eyJpdiI6ImJhUndOOVlBQWRxbEl0RE04NDlwdnc9PSIsInZhbHVlIjoiR0VDWEJoY00zcWxaT3dBQ3BQSHk2dz09IiwibWFjIjoiMjkwNDFmODEwYTNjMzc4YmI5NTE0MDNmZWUxY2ZiNDg2NjQxNzhmMGNmZTE5ZDQ0MzM1OGM5N2QwYWE1YmUxYSIsInRhZyI6IiJ9","has_access":1,"id_role":3,"if_has_sound":null,"if_considered_in_reports":null,"is_admin":null}', '2025-01-15 08:31:50', '2025-01-15 08:31:50'),
	(50, 3, 'Login sur le système', 'users', NULL, NULL, '2025-01-15 08:32:09', '2025-01-15 08:32:09'),
	(51, 2, 'Login sur le système', 'users', NULL, NULL, '2025-01-15 08:32:53', '2025-01-15 08:32:53'),
	(52, 2, 'Modification d\'un group de roles', 'config_can_access', 'Modification d\'un group de roles, identifiant sur la base : 12', '{"request_all":{"_id":"eyJpdiI6IjZ4cVZGNUpKWmMvelRVLzdVd3JxZXc9PSIsInZhbHVlIjoiV0svZE1lUmRReEJGT2NkZjNvMG42UT09IiwibWFjIjoiNzg0ODcxMGNiNzhkZmNlMzYwN2U3ZjBmYzNlMjAwYTAxYWMwMWEyNjExOWQ4YjA1OGI1YjVhODYxYzIyZmQ2NSIsInRhZyI6IiJ9","description":null,"roles":[1,3]},"old_value":[null]}', '2025-01-15 08:33:25', '2025-01-15 08:33:25'),
	(53, 3, 'Login sur le système', 'users', NULL, NULL, '2025-01-15 08:33:37', '2025-01-15 08:33:37'),
	(54, 3, 'Login sur le système', 'users', NULL, NULL, '2025-01-15 08:34:00', '2025-01-15 08:34:00'),
	(55, 2, 'Login sur le système', 'users', NULL, NULL, '2025-01-15 08:34:34', '2025-01-15 08:34:34'),
	(56, 2, 'Login sur le système', 'users', NULL, NULL, '2025-01-15 08:47:32', '2025-01-15 08:47:32'),
	(57, 3, 'Login sur le système', 'users', NULL, NULL, '2025-01-15 08:47:50', '2025-01-15 08:47:50'),
	(58, 2, 'Login sur le système', 'users', NULL, NULL, '2025-01-15 08:48:01', '2025-01-15 08:48:01'),
	(59, 2, 'Modification d\'un group de roles', 'config_can_access', 'Modification d\'un group de roles, identifiant sur la base : 9', '{"request_all":{"_id":"eyJpdiI6ImQ1alRvTUx2VTZLSkQ4YzYwOTdDMEE9PSIsInZhbHVlIjoiVUJqdjQ3cllyQitubnZxclRRSGtRQT09IiwibWFjIjoiYjc2ZDUyNDdmOGFmNTU2ZjE3ZGU0ZTBkOWEwYWIyMWRkNTVlOTc0MGU1ZGJlNTQ3MGY1NTU1ZmJhNTI4MWRhZSIsInRhZyI6IiJ9","description":null,"roles":[1,3]},"old_value":[null]}', '2025-01-15 08:48:26', '2025-01-15 08:48:26'),
	(60, 3, 'Login sur le système', 'users', NULL, NULL, '2025-01-15 08:48:55', '2025-01-15 08:48:55'),
	(61, 3, 'Login sur le système', 'users', NULL, NULL, '2025-01-15 08:50:26', '2025-01-15 08:50:26'),
	(62, 2, 'Login sur le système', 'users', NULL, NULL, '2025-01-15 08:50:37', '2025-01-15 08:50:37'),
	(63, 2, 'Modification d\'un group de roles', 'config_can_access', 'Modification d\'un group de roles, identifiant sur la base : 4', '{"request_all":{"_id":"eyJpdiI6Ijh0SmhUT242OVk3bU1VdmtUQUFNb3c9PSIsInZhbHVlIjoiL0hpUWc1SWZzREs5andFd0Y0dUgxQT09IiwibWFjIjoiZmE5NmFlM2M3NTJkNmVkZjA2MjZlMmMzYTNhZjQ2YWUyYWFlNjNlNWI3ZTljZjVmNWZkYThhNjg1MjM3ZGJkNiIsInRhZyI6IiJ9","description":null,"roles":[1,3]},"old_value":[null]}', '2025-01-15 08:51:05', '2025-01-15 08:51:05'),
	(64, 3, 'Login sur le système', 'users', NULL, NULL, '2025-01-15 08:51:15', '2025-01-15 08:51:15'),
	(65, 3, 'Modification d\'image d\'utlisateur', 'users', NULL, '{"id_user":"eyJpdiI6IkhXWlNCazRFN3hZMUd5eG9jSFo2aGc9PSIsInZhbHVlIjoiS0ttNWhza2wzOFQ2VE1uS1lwUHRVQT09IiwibWFjIjoiYjJjNmRkMWEwNzRjY2YxMTk1ZmNkMTUzNjg5ZTIyYzAxOGYzMjlmYzQ5ZWQ4YzdiNDdhMWM0Mjc4NWY3ZDM4OCIsInRhZyI6IiJ9","extention_copie_image":"png","image_old":"null","copie_image":{}}', '2025-01-15 08:51:41', '2025-01-15 08:51:41'),
	(66, 3, 'Modification du mot de passe d\'un utlisateur', 'users', 'Modification du mot de passe de l\'utlisateur qui a comme identifiant interne : 3', NULL, '2025-01-15 08:54:51', '2025-01-15 08:54:51'),
	(67, 2, 'Login sur le système', 'users', NULL, NULL, '2025-01-15 08:55:43', '2025-01-15 08:55:43'),
	(68, 3, 'Login sur le système', 'users', NULL, NULL, '2025-01-15 09:03:55', '2025-01-15 09:03:55'),
	(69, 3, 'Création d\'une nouvelle transaction', 'devises', 'Création d\'une nouvelle transaction', '{"liste_transactions":[{"id_devise":1,"prix":10,"taux":1,"is_entree":false,"name_client":null,"description":null}]}', '2025-01-15 09:11:17', '2025-01-15 09:11:17'),
	(70, 2, 'Login sur le système', 'users', NULL, NULL, '2025-01-15 09:17:57', '2025-01-15 09:17:57'),
	(71, 2, 'Modification d\'un rôle', 'roles', 'Modification du rôle qui a comme identifiant : 3', '{"_id":"eyJpdiI6IlpubVRUbFFuTzlBbktKRzN1RzBWYUE9PSIsInZhbHVlIjoiSEZXNEFxbEIvOEFaZXh1MndEaVQxQT09IiwibWFjIjoiYzAwOTZlNjY3OGMwMDQ4YzM3NzNmY2ZmODI4OGJiNjc2OGFiNmJlMjc5ZTlhZWU5NGM0YmE4NTg1NTBiM2QzMiIsInRhZyI6IiJ9","libelle_role":"employ\\u00e9e","acronym_role":"role_employee","sidebar":[{"id":1,"icon":"fa fa-home","title":"Accueil","routerLink":"\\/accueil","created_at":"2024-11-05T13:45:27.000000Z","updated_at":"2024-11-05T14:26:24.000000Z"},{"id":7,"icon":"fa fa-envelope","title":"Mon compte","routerLink":"\\/compte","created_at":"2024-11-05T13:45:27.000000Z","updated_at":"2024-11-05T13:45:27.000000Z"}],"description":null}', '2025-01-15 09:18:55', '2025-01-15 09:18:55'),
	(72, 2, 'Modification d\'un rôle', 'roles', 'Modification du rôle qui a comme identifiant : 3', '{"_id":"eyJpdiI6IjFzZldqbkl1Q2NrQ1hjS0tUQ1p1c3c9PSIsInZhbHVlIjoiSVVTbS9CenNTRU9uRmphbWpiblVwQT09IiwibWFjIjoiOGQ5OTNlMTFiYzYwM2I3ZDY3M2FhYzBhNmNhOGM2ZGZlYjAwMTYxY2U5ODI2YjhiYTJjNTU2MjM0ODcwMmYwMiIsInRhZyI6IiJ9","libelle_role":"employ\\u00e9e","acronym_role":"identifiant_role_employee","sidebar":[{"id":1,"icon":"fa fa-home","title":"Accueil","routerLink":"\\/accueil","created_at":"2024-11-05T13:45:27.000000Z","updated_at":"2024-11-05T14:26:24.000000Z"},{"id":7,"icon":"fa fa-envelope","title":"Mon compte","routerLink":"\\/compte","created_at":"2024-11-05T13:45:27.000000Z","updated_at":"2024-11-05T13:45:27.000000Z"}],"description":null}', '2025-01-15 09:19:10', '2025-01-15 09:19:10');

-- Listage de la structure de table devis_software. config_can_access
CREATE TABLE IF NOT EXISTS `config_can_access` (
  `id` bigint(20) unsigned NOT NULL AUTO_INCREMENT,
  `id_can_access_key` bigint(20) unsigned NOT NULL,
  `id_role` bigint(20) unsigned NOT NULL,
  `created_at` timestamp NULL DEFAULT NULL,
  `updated_at` timestamp NULL DEFAULT NULL,
  PRIMARY KEY (`id`) USING BTREE,
  UNIQUE KEY `access_key_role` (`id_can_access_key`,`id_role`) USING BTREE,
  KEY `config_can_accesses_id_role_foreign` (`id_role`) USING BTREE,
  CONSTRAINT `config_can_accesses_id_can_access_key_foreign` FOREIGN KEY (`id_can_access_key`) REFERENCES `config_can_access_keys` (`id`),
  CONSTRAINT `config_can_accesses_id_role_foreign` FOREIGN KEY (`id_role`) REFERENCES `roles` (`id`)
) ENGINE=InnoDB AUTO_INCREMENT=18 DEFAULT CHARSET=utf8mb4 COLLATE=utf8mb4_unicode_ci;

-- Listage des données de la table devis_software.config_can_access : ~16 rows (environ)
INSERT INTO `config_can_access` (`id`, `id_can_access_key`, `id_role`, `created_at`, `updated_at`) VALUES
	(1, 1, 1, '2025-01-12 16:24:33', NULL),
	(3, 2, 1, '2025-01-12 16:24:46', NULL),
	(4, 3, 1, '2025-01-12 16:25:13', NULL),
	(5, 4, 1, '2025-01-12 16:25:11', NULL),
	(6, 5, 1, '2025-01-12 16:25:25', NULL),
	(7, 6, 1, '2025-01-12 16:25:37', NULL),
	(8, 7, 1, '2025-01-12 16:25:47', NULL),
	(9, 9, 1, '2025-01-12 16:25:58', NULL),
	(10, 10, 1, '2025-01-12 16:26:07', NULL),
	(11, 11, 1, '2025-01-12 16:26:20', NULL),
	(12, 8, 1, '2025-01-12 16:26:57', NULL),
	(13, 12, 1, NULL, NULL),
	(14, 10, 3, '2025-01-15 08:28:55', '2025-01-15 08:28:55'),
	(15, 12, 3, '2025-01-15 08:33:25', '2025-01-15 08:33:25'),
	(16, 9, 3, '2025-01-15 08:48:26', '2025-01-15 08:48:26'),
	(17, 4, 3, '2025-01-15 08:51:05', '2025-01-15 08:51:05');

-- Listage de la structure de table devis_software. config_can_access_keys
CREATE TABLE IF NOT EXISTS `config_can_access_keys` (
  `id` bigint(20) unsigned NOT NULL AUTO_INCREMENT,
  `key_label` varchar(191) NOT NULL,
  `description` text DEFAULT NULL,
  `created_at` timestamp NULL DEFAULT NULL,
  `updated_at` timestamp NULL DEFAULT NULL,
  PRIMARY KEY (`id`) USING BTREE,
  UNIQUE KEY `config_can_access_keys_key_label_unique` (`key_label`) USING BTREE
) ENGINE=InnoDB AUTO_INCREMENT=13 DEFAULT CHARSET=utf8mb4 COLLATE=utf8mb4_unicode_ci;

-- Listage des données de la table devis_software.config_can_access_keys : ~11 rows (environ)
INSERT INTO `config_can_access_keys` (`id`, `key_label`, `description`, `created_at`, `updated_at`) VALUES
	(1, 'can_access_parametrages', NULL, '2024-11-05 15:33:20', '2024-11-05 15:33:20'),
	(2, 'can_access_configurations', NULL, '2024-11-05 15:33:20', '2024-11-05 15:33:20'),
	(3, 'group_roles_can_add_users_admins', NULL, '2024-11-05 15:33:20', '2024-11-05 15:33:20'),
	(4, 'group_roles_for_api_manage_account', NULL, '2024-11-05 15:33:20', '2024-11-05 15:33:20'),
	(5, 'group_roles_for_api_user', NULL, '2024-11-05 15:33:20', '2024-11-05 15:33:20'),
	(6, 'group_roles_for_api_roles_manage', NULL, '2024-11-05 15:33:20', '2024-11-05 15:33:20'),
	(7, 'group_roles_for_api_roles_view', NULL, '2024-11-05 15:33:20', '2024-11-05 15:33:20'),
	(8, 'group_roles_for_api_logs', NULL, '2024-11-05 15:33:20', '2024-11-05 15:33:20'),
	(9, 'group_roles_for_api', NULL, '2024-11-05 15:33:20', '2024-11-05 15:33:20'),
	(10, 'if_can_access_accueil_admin', NULL, '2024-11-05 15:33:20', '2024-11-05 15:33:20'),
	(11, 'if_can_manage_roles', NULL, '2024-11-05 15:33:20', '2024-11-05 15:33:20'),
	(12, 'group_roles_for_devises', NULL, '2025-01-12 18:50:45', '2025-01-12 18:50:45');

-- Listage de la structure de table devis_software. devises
CREATE TABLE IF NOT EXISTS `devises` (
  `id` bigint(20) unsigned NOT NULL AUTO_INCREMENT,
  `label` varchar(191) NOT NULL,
  `abrv` varchar(191) NOT NULL,
  `description` text DEFAULT NULL,
  `created_at` timestamp NULL DEFAULT NULL,
  `updated_at` timestamp NULL DEFAULT NULL,
  PRIMARY KEY (`id`)
) ENGINE=InnoDB AUTO_INCREMENT=146 DEFAULT CHARSET=utf8mb4 COLLATE=utf8mb4_unicode_ci;

-- Listage des données de la table devis_software.devises : ~142 rows (environ)
INSERT INTO `devises` (`id`, `label`, `abrv`, `description`, `created_at`, `updated_at`) VALUES
	(1, 'Afghan Afghani', 'AFN', 'test', '2025-01-12 16:47:13', '2025-01-13 14:57:30'),
	(2, 'Albanian Lek', 'ALL', NULL, '2025-01-12 16:47:13', NULL),
	(3, 'Algerian Dinar', 'DZD', NULL, '2025-01-12 16:47:13', NULL),
	(4, 'Angolan Kwanza', 'AOA', NULL, '2025-01-12 16:47:13', NULL),
	(5, 'Argentine Peso', 'ARS', NULL, '2025-01-12 16:47:13', NULL),
	(6, 'Armenian Dram', 'AMD', NULL, '2025-01-12 16:47:13', NULL),
	(7, 'Australian Dollar', 'AUD', NULL, '2025-01-12 16:47:13', NULL),
	(8, 'Azerbaijani Manat', 'AZN', NULL, '2025-01-12 16:47:13', NULL),
	(9, 'Bahraini Dinar', 'BHD', NULL, '2025-01-12 16:47:13', NULL),
	(10, 'Bangladeshi Taka', 'BDT', NULL, '2025-01-12 16:47:13', NULL),
	(11, 'Belarusian Ruble', 'BYN', NULL, '2025-01-12 16:47:13', NULL),
	(12, 'Belize Dollar', 'BZD', NULL, '2025-01-12 16:47:13', NULL),
	(13, 'Bermudian Dollar', 'BMD', NULL, '2025-01-12 16:47:13', NULL),
	(14, 'Bhutanese Ngultrum', 'BTN', NULL, '2025-01-12 16:47:13', NULL),
	(15, 'Bitcoin', 'BTC', NULL, '2025-01-12 16:47:13', NULL),
	(16, 'Bolivian Boliviano', 'BOB', NULL, '2025-01-12 16:47:13', NULL),
	(17, 'Botswana Pula', 'BWP', NULL, '2025-01-12 16:47:13', NULL),
	(18, 'Brazilian Real', 'BRL', NULL, '2025-01-12 16:47:13', NULL),
	(19, 'British Pound', 'GBP', NULL, '2025-01-12 16:47:13', NULL),
	(20, 'Brunei Dollar', 'BND', NULL, '2025-01-12 16:47:13', NULL),
	(21, 'Bulgarian Lev', 'BGN', NULL, '2025-01-12 16:47:13', NULL),
	(22, 'Burundian Franc', 'BIF', NULL, '2025-01-12 16:47:13', NULL),
	(23, 'Cambodian Riel', 'KHR', NULL, '2025-01-12 16:47:13', NULL),
	(24, 'Canadian Dollar', 'CAD', NULL, '2025-01-12 16:47:13', NULL),
	(25, 'Cape Verdean Escudo', 'CVE', NULL, '2025-01-12 16:47:13', NULL),
	(26, 'Cayman Islands Dollar', 'KYD', NULL, '2025-01-12 16:47:13', NULL),
	(27, 'Central African CFA Franc', 'XAF', NULL, '2025-01-12 16:47:13', NULL),
	(28, 'Chilean Peso', 'CLP', NULL, '2025-01-12 16:47:13', NULL),
	(29, 'Chinese Yuan', 'CNY', NULL, '2025-01-12 16:47:13', NULL),
	(30, 'Colombian Peso', 'COP', NULL, '2025-01-12 16:47:13', NULL),
	(31, 'Comorian Franc', 'KMF', NULL, '2025-01-12 16:47:13', NULL),
	(32, 'Congolese Franc', 'CDF', NULL, '2025-01-12 16:47:13', NULL),
	(33, 'Costa Rican Colón', 'CRC', NULL, '2025-01-12 16:47:13', NULL),
	(34, 'Croatian Kuna', 'HRK', NULL, '2025-01-12 16:47:13', NULL),
	(35, 'Cuban Peso', 'CUP', NULL, '2025-01-12 16:47:13', NULL),
	(36, 'Czech Koruna', 'CZK', NULL, '2025-01-12 16:47:13', NULL),
	(37, 'Danish Krone', 'DKK', NULL, '2025-01-12 16:47:13', NULL),
	(38, 'Djiboutian Franc', 'DJF', NULL, '2025-01-12 16:47:13', NULL),
	(39, 'Dominican Peso', 'DOP', NULL, '2025-01-12 16:47:13', NULL),
	(40, 'Egyptian Pound', 'EGP', NULL, '2025-01-12 16:47:13', NULL),
	(41, 'Ethiopian Birr', 'ETB', NULL, '2025-01-12 16:47:13', NULL),
	(42, 'Euro', 'EUR', NULL, '2025-01-12 16:47:13', NULL),
	(43, 'Fijian Dollar', 'FJD', NULL, '2025-01-12 16:47:13', NULL),
	(44, 'Gambian Dalasi', 'GMD', NULL, '2025-01-12 16:47:13', NULL),
	(45, 'Georgian Lari', 'GEL', NULL, '2025-01-12 16:47:13', NULL),
	(46, 'Ghanaian Cedi', 'GHS', NULL, '2025-01-12 16:47:13', NULL),
	(47, 'Guatemalan Quetzal', 'GTQ', NULL, '2025-01-12 16:47:13', NULL),
	(48, 'Guinean Franc', 'GNF', NULL, '2025-01-12 16:47:13', NULL),
	(49, 'Haitian Gourde', 'HTG', NULL, '2025-01-12 16:47:13', NULL),
	(50, 'Honduran Lempira', 'HNL', NULL, '2025-01-12 16:47:13', NULL),
	(51, 'Hong Kong Dollar', 'HKD', NULL, '2025-01-12 16:47:13', NULL),
	(52, 'Hungarian Forint', 'HUF', NULL, '2025-01-12 16:47:13', NULL),
	(53, 'Icelandic Króna', 'ISK', NULL, '2025-01-12 16:47:13', NULL),
	(54, 'Indian Rupee', 'INR', NULL, '2025-01-12 16:47:13', NULL),
	(55, 'Indonesian Rupiah', 'valueR', NULL, '2025-01-12 16:47:13', NULL),
	(56, 'Iranian Rial', 'IRR', NULL, '2025-01-12 16:47:13', NULL),
	(57, 'Iraqi Dinar', 'IQD', NULL, '2025-01-12 16:47:13', NULL),
	(58, 'Israeli New Shekel', 'ILS', NULL, '2025-01-12 16:47:13', NULL),
	(59, 'Jamaican Dollar', 'JMD', NULL, '2025-01-12 16:47:13', NULL),
	(60, 'Japanese Yen', 'JPY', NULL, '2025-01-12 16:47:13', NULL),
	(61, 'Jordanian Dinar', 'JOD', NULL, '2025-01-12 16:47:13', NULL),
	(62, 'Kazakhstani Tenge', 'KZT', NULL, '2025-01-12 16:47:13', NULL),
	(63, 'Kenyan Shilling', 'KES', NULL, '2025-01-12 16:47:13', NULL),
	(64, 'Kuwaiti Dinar', 'KWD', NULL, '2025-01-12 16:47:13', NULL),
	(65, 'Kyrgyzstani Som', 'KGS', NULL, '2025-01-12 16:47:13', NULL),
	(66, 'Lao Kip', 'LAK', NULL, '2025-01-12 16:47:13', NULL),
	(67, 'Latvian Lats', 'LVL', NULL, '2025-01-12 16:47:13', NULL),
	(68, 'Lebanese Pound', 'LBP', NULL, '2025-01-12 16:47:13', NULL),
	(69, 'Lesotho Loti', 'LSL', NULL, '2025-01-12 16:47:13', NULL),
	(70, 'Liberian Dollar', 'LRD', NULL, '2025-01-12 16:47:13', NULL),
	(71, 'Libyan Dinar', 'LYD', NULL, '2025-01-12 16:47:13', NULL),
	(72, 'Lithuanian Litas', 'LTL', NULL, '2025-01-12 16:47:13', NULL),
	(73, 'Macanese Pataca', 'MOP', NULL, '2025-01-12 16:47:13', NULL),
	(74, 'Malagasy Ariary', 'MGA', NULL, '2025-01-12 16:47:13', NULL),
	(75, 'Malawian Kwacha', 'MWK', NULL, '2025-01-12 16:47:13', NULL),
	(76, 'Malaysian Ringgit', 'MYR', NULL, '2025-01-12 16:47:13', NULL),
	(77, 'Maldivian Rufiyaa', 'MVR', NULL, '2025-01-12 16:47:13', NULL),
	(78, 'Mauritian Rupee', 'MUR', NULL, '2025-01-12 16:47:13', NULL),
	(79, 'Mexican Peso', 'MXN', NULL, '2025-01-12 16:47:13', NULL),
	(80, 'Moroccan Dirham', 'MAD', NULL, '2025-01-12 16:47:13', NULL),
	(81, 'Mozambican Metical', 'MZN', NULL, '2025-01-12 16:47:13', NULL),
	(82, 'Myanmar Kyat', 'MMK', NULL, '2025-01-12 16:47:13', NULL),
	(83, 'Namibian Dollar', 'NAD', NULL, '2025-01-12 16:47:13', NULL),
	(84, 'Nepalese Rupee', 'NPR', NULL, '2025-01-12 16:47:13', NULL),
	(85, 'New Taiwan Dollar', 'TWD', NULL, '2025-01-12 16:47:13', NULL),
	(86, 'New Zealand Dollar', 'NZD', NULL, '2025-01-12 16:47:13', NULL),
	(87, 'Nicaraguan Córdoba', 'NIO', NULL, '2025-01-12 16:47:13', NULL),
	(88, 'Nigerian Naira', 'NGN', NULL, '2025-01-12 16:47:13', NULL),
	(89, 'North Korean Won', 'KPW', NULL, '2025-01-12 16:47:13', NULL),
	(90, 'Norwegian Krone', 'NOK', NULL, '2025-01-12 16:47:13', NULL),
	(91, 'Omani Rial', 'OMR', NULL, '2025-01-12 16:47:13', NULL),
	(92, 'Pakistani Rupee', 'PKR', NULL, '2025-01-12 16:47:13', NULL),
	(93, 'Panamanian Balboa', 'PAB', NULL, '2025-01-12 16:47:13', NULL),
	(94, 'Papua New Guinean Kina', 'PGK', NULL, '2025-01-12 16:47:13', NULL),
	(95, 'Paraguayan Guarani', 'PYG', NULL, '2025-01-12 16:47:13', NULL),
	(96, 'Peruvian Sol', 'PEN', NULL, '2025-01-12 16:47:13', NULL),
	(97, 'Philippine Peso', 'PHP', NULL, '2025-01-12 16:47:13', NULL),
	(98, 'Polish Zloty', 'PLN', NULL, '2025-01-12 16:47:13', NULL),
	(99, 'Qatari Riyal', 'QAR', NULL, '2025-01-12 16:47:13', NULL),
	(100, 'Romanian Leu', 'RON', NULL, '2025-01-12 16:47:13', NULL),
	(101, 'Russian Ruble', 'RUB', NULL, '2025-01-12 16:47:13', NULL),
	(102, 'Rwandan Franc', 'RWF', NULL, '2025-01-12 16:47:13', NULL),
	(103, 'Saint Helena Pound', 'SHP', NULL, '2025-01-12 16:47:13', NULL),
	(104, 'Samoan Tala', 'WST', NULL, '2025-01-12 16:47:13', NULL),
	(105, 'Saudi Riyal', 'SAR', NULL, '2025-01-12 16:47:13', NULL),
	(106, 'Serbian Dinar', 'RSD', NULL, '2025-01-12 16:47:13', NULL),
	(107, 'Seychellois Rupee', 'SCR', NULL, '2025-01-12 16:47:13', NULL),
	(108, 'Sierra Leonean Leone', 'SLL', NULL, '2025-01-12 16:47:13', NULL),
	(109, 'Singapore Dollar', 'SGD', NULL, '2025-01-12 16:47:13', NULL),
	(110, 'Solomon Islands Dollar', 'SBD', NULL, '2025-01-12 16:47:13', NULL),
	(111, 'Somali Shilling', 'SOS', NULL, '2025-01-12 16:47:13', NULL),
	(112, 'South African Rand', 'ZAR', NULL, '2025-01-12 16:47:13', NULL),
	(113, 'South Korean Won', 'KRW', NULL, '2025-01-12 16:47:13', NULL),
	(114, 'South Sudanese Pound', 'SSP', NULL, '2025-01-12 16:47:13', NULL),
	(115, 'Sri Lankan Rupee', 'LKR', NULL, '2025-01-12 16:47:13', NULL),
	(116, 'Sudanese Pound', 'SDG', NULL, '2025-01-12 16:47:13', NULL),
	(117, 'Surilabelse Dollar', 'SRD', NULL, '2025-01-12 16:47:13', NULL),
	(118, 'Swazi Lilangeni', 'SZL', NULL, '2025-01-12 16:47:13', NULL),
	(119, 'Swedish Krona', 'SEK', NULL, '2025-01-12 16:47:13', NULL),
	(120, 'Swiss Franc', 'CHF', NULL, '2025-01-12 16:47:13', NULL),
	(121, 'Syrian Pound', 'SYP', NULL, '2025-01-12 16:47:13', NULL),
	(122, 'Tajikistani Somoni', 'TJS', NULL, '2025-01-12 16:47:13', NULL),
	(123, 'Tanzanian Shilling', 'TZS', NULL, '2025-01-12 16:47:13', NULL),
	(124, 'Thai Baht', 'THB', NULL, '2025-01-12 16:47:13', NULL),
	(125, 'Tongan Paʻanga', 'TOP', NULL, '2025-01-12 16:47:13', NULL),
	(126, 'Trinvaluead and Tobago Dollar', 'TTD', NULL, '2025-01-12 16:47:13', NULL),
	(127, 'Tunisian Dinar', 'TND', NULL, '2025-01-12 16:47:13', NULL),
	(128, 'Turkish Lira', 'TRY', NULL, '2025-01-12 16:47:13', NULL),
	(129, 'Turkmenistani Manat', 'TMT', NULL, '2025-01-12 16:47:13', NULL),
	(130, 'Ugandan Shilling', 'UGX', NULL, '2025-01-12 16:47:13', NULL),
	(131, 'Ukrainian Hryvnia', 'UAH', NULL, '2025-01-12 16:47:13', NULL),
	(132, 'United Arab Emirates Dirham', 'AED', NULL, '2025-01-12 16:47:13', NULL),
	(133, 'United States Dollar', 'USD', NULL, '2025-01-12 16:47:13', NULL),
	(134, 'Uruguayan Peso', 'UYU', NULL, '2025-01-12 16:47:13', NULL),
	(135, 'Uzbekistani Som', 'UZS', NULL, '2025-01-12 16:47:13', NULL),
	(136, 'Vanuatu Vatu', 'VUV', NULL, '2025-01-12 16:47:13', NULL),
	(137, 'Venezuelan Bolívar', 'VES', NULL, '2025-01-12 16:47:13', NULL),
	(138, 'Vietlabelse Đồng', 'VND', NULL, '2025-01-12 16:47:13', NULL),
	(139, 'Yemeni Rial', 'YER', NULL, '2025-01-12 16:47:13', NULL),
	(140, 'Zambian Kwacha', 'ZMW', NULL, '2025-01-12 16:47:13', NULL),
	(141, 'Zimbabwean Dollar', 'ZWL', NULL, '2025-01-12 16:47:13', NULL),
	(143, 'goal', 'gl', '13ssds', '2025-01-13 14:17:24', NULL);

-- Listage de la structure de table devis_software. migrations
CREATE TABLE IF NOT EXISTS `migrations` (
  `id` int(10) unsigned NOT NULL AUTO_INCREMENT,
  `migration` varchar(191) NOT NULL,
  `batch` int(11) NOT NULL,
  PRIMARY KEY (`id`) USING BTREE
) ENGINE=InnoDB AUTO_INCREMENT=12 DEFAULT CHARSET=utf8mb4 COLLATE=utf8mb4_unicode_ci;

-- Listage des données de la table devis_software.migrations : ~7 rows (environ)
INSERT INTO `migrations` (`id`, `migration`, `batch`) VALUES
	(1, '2020_12_26_161026_create_users_table', 1),
	(2, '2024_11_02_110217_add_if_considered_in_reports_to_users', 1),
	(3, '2024_11_28_165725_add_column_is_admin_to_users', 1),
	(4, '2019_11_05_144204_create_sidebar_buttons_table', 2),
	(5, '2025_01_12_160326_create_devises_table', 3),
	(7, '2020_12_30_160221_create_actions_logs_table', 4),
	(11, '2025_01_12_160600_create_transactions_table', 5);

-- Listage de la structure de table devis_software. roles
CREATE TABLE IF NOT EXISTS `roles` (
  `id` bigint(20) unsigned NOT NULL AUTO_INCREMENT,
  `libelle_role` varchar(150) CHARACTER SET utf8mb4 COLLATE utf8mb4_unicode_ci NOT NULL,
  `acronym_role` varchar(150) CHARACTER SET utf8mb4 COLLATE utf8mb4_unicode_ci NOT NULL,
  `sidebar` longtext CHARACTER SET utf8mb4 COLLATE utf8mb4_bin NOT NULL,
  `description` text CHARACTER SET utf8mb4 COLLATE utf8mb4_unicode_ci DEFAULT NULL,
  `created_at` timestamp NULL DEFAULT NULL,
  `updated_at` timestamp NULL DEFAULT NULL,
  PRIMARY KEY (`id`) USING BTREE,
  UNIQUE KEY `roles_libelle_role_unique` (`libelle_role`) USING BTREE,
  UNIQUE KEY `roles_acronym_role_unique` (`acronym_role`) USING BTREE
) ENGINE=InnoDB AUTO_INCREMENT=4 DEFAULT CHARSET=utf8mb4 COLLATE=utf8mb4_general_ci;

-- Listage des données de la table devis_software.roles : ~2 rows (environ)
INSERT INTO `roles` (`id`, `libelle_role`, `acronym_role`, `sidebar`, `description`, `created_at`, `updated_at`) VALUES
	(1, 'Administrateur', 'identifiant_role_admin', '[{"icon":"fa fa-home","title":"Accueil","routerLink":"\\/accueil"},{"icon":"fa fa-envelope","title":"Mon compte","routerLink":"\\/compte"},{"id":6,"icon":"fa fa-address-card","title":"Configurations","routerLink":"\\/configurations","created_at":"2024-11-05T13:45:27.000000Z","updated_at":"2024-11-05T13:45:27.000000Z"}]', NULL, NULL, '2025-01-12 13:53:01'),
	(3, 'employée', 'identifiant_role_employee', '[{"id":1,"icon":"fa fa-home","title":"Accueil","routerLink":"\\/accueil","created_at":"2024-11-05T13:45:27.000000Z","updated_at":"2024-11-05T14:26:24.000000Z"},{"id":7,"icon":"fa fa-envelope","title":"Mon compte","routerLink":"\\/compte","created_at":"2024-11-05T13:45:27.000000Z","updated_at":"2024-11-05T13:45:27.000000Z"}]', NULL, '2025-01-15 08:27:56', '2025-01-15 09:19:10');

-- Listage de la structure de table devis_software. sidebar_buttons
CREATE TABLE IF NOT EXISTS `sidebar_buttons` (
  `id` bigint(20) unsigned NOT NULL AUTO_INCREMENT,
  `icon` varchar(191) NOT NULL,
  `title` varchar(191) NOT NULL,
  `routerLink` varchar(191) NOT NULL,
  `created_at` timestamp NULL DEFAULT NULL,
  `updated_at` timestamp NULL DEFAULT NULL,
  PRIMARY KEY (`id`),
  UNIQUE KEY `sidebar_buttons_routerlink_unique` (`routerLink`)
) ENGINE=InnoDB AUTO_INCREMENT=8 DEFAULT CHARSET=utf8mb4 COLLATE=utf8mb4_unicode_ci;

-- Listage des données de la table devis_software.sidebar_buttons : ~2 rows (environ)
INSERT INTO `sidebar_buttons` (`id`, `icon`, `title`, `routerLink`, `created_at`, `updated_at`) VALUES
	(1, 'fa fa-home', 'Accueil', '/accueil', '2024-11-05 13:45:27', '2024-11-05 14:26:24'),
	(6, 'fa fa-address-card', 'Configurations', '/configurations', '2024-11-05 13:45:27', '2024-11-05 13:45:27'),
	(7, 'fa fa-envelope', 'Mon compte', '/compte', '2024-11-05 13:45:27', '2024-11-05 13:45:27');

-- Listage de la structure de table devis_software. transactions
CREATE TABLE IF NOT EXISTS `transactions` (
  `id` bigint(20) unsigned NOT NULL AUTO_INCREMENT,
  `id_user_createur` bigint(20) unsigned NOT NULL,
  `id_devise` bigint(20) unsigned NOT NULL,
  `prix` double NOT NULL,
  `taux` double NOT NULL,
  `is_entree` tinyint(1) NOT NULL,
  `name_client` varchar(191) DEFAULT NULL,
  `description` text DEFAULT NULL,
  `created_at` timestamp NULL DEFAULT NULL,
  `updated_at` timestamp NULL DEFAULT NULL,
  PRIMARY KEY (`id`),
  KEY `transactions_id_user_createur_foreign` (`id_user_createur`),
  KEY `transactions_id_devise_foreign` (`id_devise`),
  CONSTRAINT `transactions_id_devise_foreign` FOREIGN KEY (`id_devise`) REFERENCES `devises` (`id`),
  CONSTRAINT `transactions_id_user_createur_foreign` FOREIGN KEY (`id_user_createur`) REFERENCES `users` (`id`)
) ENGINE=InnoDB AUTO_INCREMENT=298 DEFAULT CHARSET=utf8mb4 COLLATE=utf8mb4_unicode_ci;

-- Listage des données de la table devis_software.transactions : ~149 rows (environ)
INSERT INTO `transactions` (`id`, `id_user_createur`, `id_devise`, `prix`, `taux`, `is_entree`, `name_client`, `description`, `created_at`, `updated_at`) VALUES
	(1, 2, 1, 10000, 10, 0, 'youssef', NULL, '2025-01-14 18:18:46', '2025-01-14 19:08:48'),
	(2, 2, 133, 10003, 9.3, 0, 'amhile youssef', 'test l<jsrgnojnfs<jgbvnqsdrfjgbv', '2025-01-14 18:18:46', '2025-01-15 08:05:20'),
	(147, 2, 133, 100.5, 1.15, 1, 'Client A', 'Description for Client A', '2025-01-14 19:26:02', NULL),
	(148, 2, 42, 200.75, 0.95, 0, 'Client B', 'Description for Client B', '2025-01-14 19:26:02', NULL),
	(149, 2, 133, 150, 1.1, 1, 'Client C', 'Description for Client C', '2025-01-14 19:26:02', NULL),
	(150, 2, 42, 300.25, 1.05, 0, 'Client D', 'Description for Client D', '2025-01-14 19:26:02', NULL),
	(151, 2, 133, 250.75, 1.2, 1, 'Client E', 'Description for Client E', '2025-01-14 19:26:02', NULL),
	(152, 2, 42, 120.5, 0.85, 0, 'Client F', 'Description for Client F', '2025-01-14 19:26:02', NULL),
	(153, 2, 133, 175, 1.3, 1, 'Client G', 'Description for Client G', '2025-01-14 19:26:02', NULL),
	(154, 2, 42, 220.8, 0.9, 0, 'Client H', 'Description for Client H', '2025-01-14 19:26:02', NULL),
	(155, 2, 133, 300.5, 1.25, 1, 'Client I', 'Description for Client I', '2025-01-14 19:26:02', NULL),
	(156, 2, 42, 180, 0.88, 0, 'Client J', 'Description for Client J', '2025-01-14 19:26:02', NULL),
	(157, 2, 133, 130.25, 1.12, 1, 'Client K', 'Description for Client K', '2025-01-14 19:26:02', NULL),
	(158, 2, 42, 210.6, 1, 0, 'Client L', 'Description for Client L', '2025-01-14 19:26:02', NULL),
	(159, 2, 133, 140.75, 1.18, 1, 'Client M', 'Description for Client M', '2025-01-14 19:26:02', NULL),
	(160, 2, 42, 190.5, 0.93, 0, 'Client N', 'Description for Client N', '2025-01-14 19:26:02', NULL),
	(161, 2, 133, 240.8, 1.22, 1, 'Client O', 'Description for Client O', '2025-01-14 19:26:02', NULL),
	(162, 2, 42, 150, 0.87, 0, 'Client P', 'Description for Client P', '2025-01-14 19:26:02', NULL),
	(163, 2, 133, 270.9, 1.27, 1, 'Client Q', 'Description for Client Q', '2025-01-14 19:26:02', NULL),
	(164, 2, 42, 300.1, 0.98, 0, 'Client R', 'Description for Client R', '2025-01-14 19:26:02', NULL),
	(165, 2, 133, 110.5, 1.05, 1, 'Client S', 'Description for Client S', '2025-01-14 19:26:02', NULL),
	(166, 2, 42, 250, 0.89, 0, 'Client T', 'Description for Client T', '2025-01-14 19:26:02', NULL),
	(167, 2, 133, 125.5, 1.1, 1, 'Client U', 'Description for Client U', '2025-01-14 19:26:02', NULL),
	(168, 2, 42, 175.25, 0.95, 0, 'Client V', 'Description for Client V', '2025-01-14 19:26:02', NULL),
	(169, 2, 133, 230, 1.18, 1, 'Client W', 'Description for Client W', '2025-01-14 19:26:02', NULL),
	(170, 2, 42, 185.75, 0.92, 0, 'Client X', 'Description for Client X', '2025-01-14 19:26:02', NULL),
	(171, 2, 133, 270.5, 1.23, 1, 'Client Y', 'Description for Client Y', '2025-01-14 19:26:02', NULL),
	(172, 2, 42, 195, 0.96, 0, 'Client Z', 'Description for Client Z', '2025-01-14 19:26:02', NULL),
	(173, 2, 133, 320.75, 1.28, 1, 'Client AA', 'Description for Client AA', '2025-01-14 19:26:02', NULL),
	(174, 2, 42, 140.3, 0.88, 0, 'Client BB', 'Description for Client BB', '2025-01-14 19:26:02', NULL),
	(175, 2, 133, 200.45, 1.15, 1, 'Client CC', 'Description for Client CC', '2025-01-14 19:26:02', NULL),
	(176, 2, 42, 280.6, 0.94, 0, 'Client DD', 'Description for Client DD', '2025-01-14 19:26:02', NULL),
	(177, 2, 133, 310.8, 1.22, 1, 'Client EE', 'Description for Client EE', '2025-01-14 19:26:02', NULL),
	(178, 2, 42, 170.1, 0.91, 0, 'Client FF', 'Description for Client FF', '2025-01-14 19:26:02', NULL),
	(179, 2, 133, 240.25, 1.2, 1, 'Client GG', 'Description for Client GG', '2025-01-14 19:26:02', NULL),
	(180, 2, 42, 220.5, 0.98, 0, 'Client HH', 'Description for Client HH', '2025-01-14 19:26:02', NULL),
	(181, 2, 133, 195.75, 1.16, 1, 'Client II', 'Description for Client II', '2025-01-14 19:26:02', NULL),
	(182, 2, 42, 260, 0.92, 0, 'Client JJ', 'Description for Client JJ', '2025-01-14 19:26:02', NULL),
	(183, 2, 133, 300.5, 1.25, 1, 'Client KK', 'Description for Client KK', '2025-01-14 19:26:02', NULL),
	(184, 2, 42, 150.75, 0.85, 0, 'Client LL', 'Description for Client LL', '2025-01-14 19:26:02', NULL),
	(185, 2, 133, 280.25, 1.3, 1, 'Client MM', 'Description for Client MM', '2025-01-14 19:26:02', NULL),
	(186, 2, 42, 240.4, 0.97, 0, 'Client NN', 'Description for Client NN', '2025-01-14 19:26:02', NULL),
	(187, 2, 133, 190.9, 1.12, 1, 'Client OO', 'Description for Client OO', '2025-01-14 19:26:02', NULL),
	(188, 2, 42, 250.6, 0.93, 0, 'Client PP', 'Description for Client PP', '2025-01-14 19:26:02', NULL),
	(189, 2, 133, 170.3, 1.1, 1, 'Client QQ', 'Description for Client QQ', '2025-01-14 19:26:02', NULL),
	(190, 2, 42, 225.5, 0.9, 0, 'Client RR', 'Description for Client RR', '2025-01-14 19:26:02', NULL),
	(191, 2, 133, 310, 1.28, 1, 'Client SS', 'Description for Client SS', '2025-01-14 19:26:02', NULL),
	(192, 2, 42, 200.75, 0.95, 0, 'Client TT', 'Description for Client TT', '2025-01-14 19:26:02', NULL),
	(193, 2, 133, 260.2, 1.24, 1, 'Client UU', 'Description for Client UU', '2025-01-14 19:26:02', NULL),
	(194, 2, 42, 215.9, 0.92, 0, 'Client VV', 'Description for Client VV', '2025-01-14 19:26:02', NULL),
	(195, 2, 133, 240.25, 1.2, 1, 'Client GG', 'Description for Client GG', '2025-01-14 19:26:02', NULL),
	(196, 2, 42, 220.5, 0.98, 0, 'Client HH', 'Description for Client HH', '2025-01-14 19:26:02', NULL),
	(197, 2, 133, 195.75, 1.16, 1, 'Client II', 'Description for Client II', '2025-01-14 19:26:02', NULL),
	(198, 2, 42, 260, 0.92, 0, 'Client JJ', 'Description for Client JJ', '2025-01-14 19:26:02', NULL),
	(199, 2, 133, 300.5, 1.25, 1, 'Client KK', 'Description for Client KK', '2025-01-14 19:26:02', NULL),
	(200, 2, 42, 150.75, 0.85, 0, 'Client LL', 'Description for Client LL', '2025-01-14 19:26:02', NULL),
	(201, 2, 133, 280.25, 1.3, 1, 'Client MM', 'Description for Client MM', '2025-01-14 19:26:02', NULL),
	(202, 2, 42, 240.4, 0.97, 0, 'Client NN', 'Description for Client NN', '2025-01-14 19:26:02', NULL),
	(203, 2, 133, 190.9, 1.12, 1, 'Client OO', 'Description for Client OO', '2025-01-14 19:26:02', NULL),
	(204, 2, 42, 250.6, 0.93, 0, 'Client PP', 'Description for Client PP', '2025-01-14 19:26:02', NULL),
	(205, 2, 133, 170.3, 1.1, 1, 'Client QQ', 'Description for Client QQ', '2025-01-14 19:26:02', NULL),
	(206, 2, 42, 225.5, 0.9, 0, 'Client RR', 'Description for Client RR', '2025-01-14 19:26:02', NULL),
	(207, 2, 133, 310, 1.28, 1, 'Client SS', 'Description for Client SS', '2025-01-14 19:26:02', NULL),
	(208, 2, 42, 200.75, 0.95, 0, 'Client TT', 'Description for Client TT', '2025-01-14 19:26:02', NULL),
	(209, 2, 133, 260.2, 1.24, 1, 'Client UU', 'Description for Client UU', '2025-01-14 19:26:02', NULL),
	(210, 2, 42, 215.9, 0.92, 0, 'Client VV', 'Description for Client VV', '2025-01-14 19:26:02', NULL),
	(211, 2, 133, 240.25, 1.2, 1, 'Client GG', 'Description for Client GG', '2025-01-14 19:26:02', NULL),
	(212, 2, 42, 220.5, 0.98, 0, 'Client HH', 'Description for Client HH', '2025-01-14 19:26:02', NULL),
	(213, 2, 133, 195.75, 1.16, 1, 'Client II', 'Description for Client II', '2025-01-14 19:26:02', NULL),
	(214, 2, 42, 260, 0.92, 0, 'Client JJ', 'Description for Client JJ', '2025-01-14 19:26:02', NULL),
	(215, 2, 133, 300.5, 1.25, 1, 'Client KK', 'Description for Client KK', '2025-01-14 19:26:02', NULL),
	(216, 2, 42, 150.75, 0.85, 0, 'Client LL', 'Description for Client LL', '2025-01-14 19:26:02', NULL),
	(217, 2, 133, 280.25, 1.3, 1, 'Client MM', 'Description for Client MM', '2025-01-14 19:26:02', NULL),
	(218, 2, 42, 240.4, 0.97, 0, 'Client NN', 'Description for Client NN', '2025-01-14 19:26:02', NULL),
	(219, 2, 133, 190.9, 1.12, 1, 'Client OO', 'Description for Client OO', '2025-01-14 19:26:02', NULL),
	(220, 2, 42, 250.6, 0.93, 0, 'Client PP', 'Description for Client PP', '2025-01-14 19:26:02', NULL),
	(221, 2, 133, 170.3, 1.1, 1, 'Client QQ', 'Description for Client QQ', '2025-01-14 19:26:02', NULL),
	(222, 2, 42, 225.5, 0.9, 0, 'Client RR', 'Description for Client RR', '2025-01-14 19:26:02', NULL),
	(223, 2, 133, 310, 1.28, 1, 'Client SS', 'Description for Client SS', '2025-01-14 19:26:02', NULL),
	(224, 2, 133, 240.25, 1.2, 1, 'Client GG', 'Description for Client GG', '2025-01-14 19:26:02', NULL),
	(225, 2, 42, 220.5, 0.98, 0, 'Client HH', 'Description for Client HH', '2025-01-14 19:26:02', NULL),
	(226, 2, 133, 195.75, 1.16, 1, 'Client II', 'Description for Client II', '2025-01-14 19:26:02', NULL),
	(227, 2, 42, 260, 0.92, 0, 'Client JJ', 'Description for Client JJ', '2025-01-14 19:26:02', NULL),
	(228, 2, 133, 300.5, 1.25, 1, 'Client KK', 'Description for Client KK', '2025-01-14 19:26:02', NULL),
	(229, 2, 42, 150.75, 0.85, 0, 'Client LL', 'Description for Client LL', '2025-01-14 19:26:02', NULL),
	(230, 2, 133, 280.25, 1.3, 1, 'Client MM', 'Description for Client MM', '2025-01-14 19:26:02', NULL),
	(231, 2, 42, 240.4, 0.97, 0, 'Client NN', 'Description for Client NN', '2025-01-14 19:26:02', NULL),
	(232, 2, 133, 190.9, 1.12, 1, 'Client OO', 'Description for Client OO', '2025-01-14 19:26:02', NULL),
	(233, 2, 42, 250.6, 0.93, 0, 'Client PP', 'Description for Client PP', '2025-01-14 19:26:02', NULL),
	(234, 2, 133, 170.3, 1.1, 1, 'Client QQ', 'Description for Client QQ', '2025-01-14 19:26:02', NULL),
	(235, 2, 42, 225.5, 0.9, 0, 'Client RR', 'Description for Client RR', '2025-01-14 19:26:02', NULL),
	(236, 2, 133, 310, 1.28, 1, 'Client SS', 'Description for Client SS', '2025-01-14 19:26:02', NULL),
	(237, 2, 42, 200.75, 0.95, 0, 'Client TT', 'Description for Client TT', '2025-01-14 19:26:02', NULL),
	(238, 2, 133, 260.2, 1.24, 1, 'Client UU', 'Description for Client UU', '2025-01-14 19:26:02', NULL),
	(239, 2, 42, 215.9, 0.92, 0, 'Client VV', 'Description for Client VV', '2025-01-14 19:26:02', NULL),
	(240, 2, 133, 240.25, 1.2, 1, 'Client GG', 'Description for Client GG', '2025-01-14 19:26:02', NULL),
	(241, 2, 42, 220.5, 0.98, 0, 'Client HH', 'Description for Client HH', '2025-01-14 19:26:02', NULL),
	(242, 2, 133, 195.75, 1.16, 1, 'Client II', 'Description for Client II', '2025-01-14 19:26:02', NULL),
	(243, 2, 42, 260, 0.92, 0, 'Client JJ', 'Description for Client JJ', '2025-01-14 19:26:02', NULL),
	(244, 2, 133, 300.5, 1.25, 1, 'Client KK', 'Description for Client KK', '2025-01-14 19:26:02', NULL),
	(245, 2, 42, 150.75, 0.85, 0, 'Client LL', 'Description for Client LL', '2025-01-14 19:26:02', NULL),
	(246, 2, 133, 280.25, 1.3, 1, 'Client MM', 'Description for Client MM', '2025-01-14 19:26:02', NULL),
	(247, 2, 42, 240.4, 0.97, 0, 'Client NN', 'Description for Client NN', '2025-01-14 19:26:02', NULL),
	(248, 2, 133, 190.9, 1.12, 1, 'Client OO', 'Description for Client OO', '2025-01-14 19:26:02', NULL),
	(249, 2, 42, 250.6, 0.93, 0, 'Client PP', 'Description for Client PP', '2025-01-14 19:26:02', NULL),
	(250, 2, 133, 170.3, 1.1, 1, 'Client QQ', 'Description for Client QQ', '2025-01-14 19:26:02', NULL),
	(251, 2, 42, 225.5, 0.9, 0, 'Client RR', 'Description for Client RR', '2025-01-14 19:26:02', NULL),
	(252, 2, 133, 310, 1.28, 1, 'Client SS', 'Description for Client SS', '2025-01-14 19:26:02', NULL),
	(253, 2, 42, 200.75, 0.95, 0, 'Client TT', 'Description for Client TT', '2025-01-14 19:26:02', NULL),
	(254, 2, 133, 260.2, 1.24, 1, 'Client UU', 'Description for Client UU', '2025-01-14 19:26:02', NULL),
	(255, 2, 42, 215.9, 0.92, 0, 'Client VV', 'Description for Client VV', '2025-01-14 19:26:02', NULL),
	(256, 2, 133, 240.25, 1.2, 1, 'Client GG', 'Description for Client GG', '2025-01-14 19:26:02', NULL),
	(257, 2, 42, 220.5, 0.98, 0, 'Client HH', 'Description for Client HH', '2025-01-14 19:26:02', NULL),
	(258, 2, 133, 195.75, 1.16, 1, 'Client II', 'Description for Client II', '2025-01-14 19:26:02', NULL),
	(259, 2, 42, 260, 0.92, 0, 'Client JJ', 'Description for Client JJ', '2025-01-14 19:26:02', NULL),
	(260, 2, 133, 300.5, 1.25, 1, 'Client KK', 'Description for Client KK', '2025-01-14 19:26:02', NULL),
	(261, 2, 42, 150.75, 0.85, 0, 'Client LL', 'Description for Client LL', '2025-01-14 19:26:02', NULL),
	(262, 2, 133, 280.25, 1.3, 1, 'Client MM', 'Description for Client MM', '2025-01-14 19:26:02', NULL),
	(263, 2, 42, 240.4, 0.97, 0, 'Client NN', 'Description for Client NN', '2025-01-14 19:26:02', NULL),
	(264, 2, 133, 190.9, 1.12, 1, 'Client OO', 'Description for Client OO', '2025-01-14 19:26:02', NULL),
	(265, 2, 42, 250.6, 0.93, 0, 'Client PP', 'Description for Client PP', '2025-01-14 19:26:02', NULL),
	(266, 2, 133, 170.3, 1.1, 1, 'Client QQ', 'Description for Client QQ', '2025-01-14 19:26:02', NULL),
	(267, 2, 42, 225.5, 0.9, 0, 'Client RR', 'Description for Client RR', '2025-01-14 19:26:02', NULL),
	(268, 2, 133, 310, 1.28, 1, 'Client SS', 'Description for Client SS', '2025-01-14 19:26:02', NULL),
	(269, 2, 42, 200.75, 0.95, 0, 'Client TT', 'Description for Client TT', '2025-01-14 19:26:02', NULL),
	(270, 2, 133, 260.2, 1.24, 1, 'Client UU', 'Description for Client UU', '2025-01-14 19:26:02', NULL),
	(271, 2, 42, 215.9, 0.92, 0, 'Client VV', 'Description for Client VV', '2025-01-14 19:26:02', NULL),
	(272, 2, 133, 240.25, 1.2, 1, 'Client GG', 'Description for Client GG', '2025-01-14 19:26:02', NULL),
	(273, 2, 42, 220.5, 0.98, 0, 'Client HH', 'Description for Client HH', '2025-01-14 19:26:02', NULL),
	(274, 2, 133, 195.75, 1.16, 1, 'Client II', 'Description for Client II', '2025-01-14 19:26:02', NULL),
	(275, 2, 42, 260, 0.92, 0, 'Client JJ', 'Description for Client JJ', '2025-01-14 19:26:02', NULL),
	(276, 2, 133, 300.5, 1.25, 1, 'Client KK', 'Description for Client KK', '2025-01-14 19:26:02', NULL),
	(277, 2, 42, 150.75, 0.85, 0, 'Client LL', 'Description for Client LL', '2025-01-14 19:26:02', NULL),
	(278, 2, 133, 280.25, 1.3, 1, 'Client MM', 'Description for Client MM', '2025-01-14 19:26:02', NULL),
	(279, 2, 42, 240.4, 0.97, 0, 'Client NN', 'Description for Client NN', '2025-01-14 19:26:02', NULL),
	(280, 2, 133, 190.9, 1.12, 1, 'Client OO', 'Description for Client OO', '2025-01-14 19:26:02', NULL),
	(281, 2, 42, 250.6, 0.93, 0, 'Client PP', 'Description for Client PP', '2025-01-14 19:26:02', NULL),
	(282, 2, 133, 170.3, 1.1, 1, 'Client QQ', 'Description for Client QQ', '2025-01-14 19:26:02', NULL),
	(283, 2, 42, 225.5, 0.9, 0, 'Client RR', 'Description for Client RR', '2025-01-14 19:26:02', NULL),
	(284, 2, 133, 310, 1.28, 1, 'Client SS', 'Description for Client SS', '2025-01-14 19:26:02', NULL),
	(285, 2, 42, 200.75, 0.95, 0, 'Client TT', 'Description for Client TT', '2025-01-14 19:26:02', NULL),
	(286, 2, 133, 260.2, 1.24, 1, 'Client UU', 'Description for Client UU', '2025-01-14 19:26:02', NULL),
	(287, 2, 42, 215.9, 1000, 1, 'Client VV', 'Description for Client VV', '2025-01-14 19:26:02', '2025-01-15 08:23:28'),
	(288, 2, 42, 200.75, 100, 1, 'Client TT', 'Description for Client TT', '2025-01-14 19:26:02', '2025-01-15 08:23:07'),
	(289, 2, 133, 260.2, 1.24, 1, 'Client UU', 'Description for Client UU', '2025-01-14 19:26:02', NULL),
	(290, 2, 42, 215.9, 100, 1, 'Client VV', 'Description for Client VV', '2025-01-14 19:26:02', '2025-01-15 08:21:48'),
	(295, 2, 133, 100, 300, 1, 'yassin', NULL, '2025-01-14 20:56:38', '2025-01-15 08:21:30'),
	(296, 2, 42, 10000, 11, 1, 'mohha', 'test', '2025-01-15 08:10:17', NULL),
	(297, 3, 1, 10, 1, 0, NULL, NULL, '2025-01-15 09:11:17', NULL);

-- Listage de la structure de table devis_software. users
CREATE TABLE IF NOT EXISTS `users` (
  `id` bigint(20) unsigned NOT NULL AUTO_INCREMENT,
  `id_role` bigint(20) unsigned NOT NULL,
  `has_access` int(11) NOT NULL,
  `nom` varchar(50) NOT NULL,
  `prenom` varchar(50) NOT NULL,
  `email` varchar(80) NOT NULL,
  `password` text NOT NULL,
  `if_has_sound` int(11) NOT NULL DEFAULT 1,
  `image_user` text DEFAULT NULL,
  `created_at` timestamp NULL DEFAULT NULL,
  `updated_at` timestamp NULL DEFAULT NULL,
  `if_considered_in_reports` tinyint(1) NOT NULL DEFAULT 1,
  `is_admin` tinyint(1) NOT NULL DEFAULT 0,
  PRIMARY KEY (`id`),
  UNIQUE KEY `users_email_unique` (`email`),
  KEY `users_id_role_foreign` (`id_role`),
  CONSTRAINT `users_id_role_foreign` FOREIGN KEY (`id_role`) REFERENCES `roles` (`id`)
) ENGINE=InnoDB AUTO_INCREMENT=4 DEFAULT CHARSET=utf8mb4 COLLATE=utf8mb4_unicode_ci;

-- Listage des données de la table devis_software.users : ~2 rows (environ)
INSERT INTO `users` (`id`, `id_role`, `has_access`, `nom`, `prenom`, `email`, `password`, `if_has_sound`, `image_user`, `created_at`, `updated_at`, `if_considered_in_reports`, `is_admin`) VALUES
	(2, 1, 1, 'Employé', 'Employé 2', 'admin@test', '$2y$10$XwYQbsBTYHZe1K45atbT2uxDcTilYSkBZGdsfM9wczZ/LT2KRdC06', 0, '2025_01_14_21_36_54_9AAf_image2.png', '2024-04-03 01:26:29', '2025-01-14 20:37:16', 1, 1),
	(3, 3, 1, 'Doe', 'Jon', 'test@example.us', '$2y$10$evgWl86Tk2IpeWRUiuqUMeJUZTZgWLBitYBoxryCS1TIolnqWkcoy', 0, '2025_01_15_09_51_40_ofJ3_image3.png', '2025-01-15 08:31:26', '2025-01-15 08:54:51', 0, 0);

/*!40103 SET TIME_ZONE=IFNULL(@OLD_TIME_ZONE, 'system') */;
/*!40101 SET SQL_MODE=IFNULL(@OLD_SQL_MODE, '') */;
/*!40014 SET FOREIGN_KEY_CHECKS=IFNULL(@OLD_FOREIGN_KEY_CHECKS, 1) */;
/*!40101 SET CHARACTER_SET_CLIENT=@OLD_CHARACTER_SET_CLIENT */;
/*!40111 SET SQL_NOTES=IFNULL(@OLD_SQL_NOTES, 1) */;
